{
    "name":"夏日冲浪",
    "intr":"Sugar的夏日冲浪——唔啊啊啊要被掀起来了！！！",
    "author":"Sugar制作组：https://bot.q.qq.com/s/3ewpir2j0?id=102070088",
    "version":"1.0",
    "cost":0,
    "selling":false,
    "fontSize": 25,
    "title1FontSize": 70,
    "title2FontSize": 55,
    "title3FontSize": 40,
    "expressionFontSizeRate": 0.8,
    "codeBlockFontSize": 15,
    "rd": 200,
    "ld": 200,
    "ud": 200,
    "dd": 325,
    "xSizeMax": 1000,
    "font": "OPPOSans-Regular.ttf",
    "titleFont": "仓耳小丸子.ttf",
    "expressionFont": "STIXTwoMath-Regular.ttf",
    "codeFont": "OPPOSans-Medium.ttf",
    "codeBlockLRDistance": 20,
    "codeBlockUDDistance": 20,
    "formLineDistance": 20,
    "lineDistance": 10,
    "citeDistance": 30,
    "pageLineColor": [225,166,166],
    "pageLineStyle": "full_line",
    "unorderedListDotColor": [225,166,166],
    "orderedListDotColor": [225,166,166],
    "orderedListNumberColor": [86,96,108],
    "citeUnderpainting": [225,166,166],
    "citeSplitLineColor": [252,217,197],
    "codeBlockUnderpainting": [255,220,220],
    "codeBlockTitleColor": [86,96,108],
    "formLineColor": [86,96,108],
    "textColor": [86,96,108],
    "textGradientEndColor": [86,96,108],
    "linkColor": [153,215,255],
    "expressionUnderpainting": [255,230,165],
    "insertCodeUnderpating": [213,235,245],
    "idlineColor": [86,96,108],
    "expressionTextColor": [86,96,108],
    "insertCodeTextColor": [86,96,108],
    "codeBlockTextColor": [86,96,108],
    "remarkColor": [253,243,243],
    "formTextColor":[86,96,108],
    "formUnderpainting":[253,243,243],
    "formTitleUnderpainting":[253,160,148]
}